sample	$d_1$	$d_2$	$d_3$	$d_2/d_1$	$d_3/d_1$	LLC phase	a
SI06_210623[7]	11.45635199200278	6.27261980818586	5.567939138347862	0.5475233139279	0.486013273879383	hexagonal	15.938750954378634
