sample	$d_1$	$d_2$	$d_3$	$d_2/d_1$	$d_3/d_1$	LLC phase	a
SI14_210720_Kerosin_3wt%TOAB-verd[7]	12.592184688735669	6.988799860406149	6.166802352367673	0.5550109082070545	0.48973252098852893	hexagonal	17.66391177215876
SI14_210720_Kerosin_3wt%TOAB[7]	12.168484441680274	7.128991638565228	6.188265854296624	0.5858569875921893	0.508548610466245	hexagonal	17.679231604235206
SI14_210720_Kerosin_5wt%TOAB-verd[7]	12.605048146130411	6.994901085120168	6.169330625829199	0.5549285495801548	0.48943332499075815	hexagonal	17.677854272498646
SI14_210720_Kerosin_5wt%TOAB[7]	12.246259065613298	7.169335558086709	6.193919362373326	0.5854306625129088	0.5057805268684419	hexagonal	17.760104289082822
