sample	$d_1$	$d_2$	$d_3$	$d_2/d_1$	$d_3/d_1$	LLC phase	a
SI06_210623[7]	11.456351992002793	6.272619808185863	5.567939138347864	0.5475233139278995	0.4860132738793826	hexagonal	15.93875095437864
SI09_210628[7]	10.897635627242092	6.328021930113078	5.323749109021016	0.5806784284743548	0.4885233174536152	hexagonal	15.599696213111486
SI16_210803[7]	11.438019655997953	6.375274072276465	5.553602863124402	0.5573756877514502	0.48553884589734575	hexagonal	16.039193699160215
SI17_210811[7]	10.281393204300349	5.896791989413495	5.113781699335573	0.5735401683642516	0.49738217357513925	hexagonal	14.702929961902184
SI19_210825[7]	14.257821490418817	7.565268939475811	5.822286651052519	0.530604829395545	0.4083573815933287	not determinable	-
